ID	ASXL1_mut	DNMT3A_mut	RUNX1_mut	SF3B1_mut	SRSF2_mut	TET2_mut
Inflam-MUI-001	WT	WT	WT	WT	mutated	mutated
Inflam-MUI-002	mutated	WT	mutated	WT	mutated	WT
Inflam-MUI-003	WT	WT	WT	WT	WT	WT
Inflam-MUI-004	WT	mutated	WT	WT	WT	mutated
Inflam-MUI-005	WT	WT	WT	WT	WT	WT
Inflam-MUI-006	WT	WT	WT	mutated	WT	mutated
Inflam-MUI-007	mutated	mutated	WT	mutated	WT	WT
Inflam-MUI-008	mutated	WT	mutated	WT	mutated	mutated
Inflam-MUI-009	WT	WT	WT	mutated	WT	WT
Inflam-MUI-010	WT	WT	WT	WT	WT	mutated
Inflam-MUI-011	WT	mutated	WT	WT	WT	mutated
Inflam-MUI-012	WT	mutated	WT	mutated	WT	mutated
Inflam-MUI-013	WT	WT	WT	WT	WT	mutated
Inflam-MUI-014	WT	WT	WT	mutated	WT	WT
Inflam-MUI-015	WT	WT	WT	mutated	WT	mutated
Inflam-MUI-016	WT	WT	mutated	mutated	WT	WT
Inflam-MUI-017	mutated	WT	WT	WT	WT	WT
Inflam-MUI-018	WT	WT	WT	WT	mutated	mutated
Inflam-MUI-019	mutated	WT	WT	WT	WT	mutated
Inflam-MUI-020	WT	mutated	WT	WT	WT	mutated
Inflam-MUI-021	WT	mutated	WT	WT	WT	WT
Inflam-MUI-022	WT	WT	WT	WT	WT	WT
Inflam-MUI-023	WT	WT	mutated	WT	mutated	mutated
Inflam-MUI-024	mutated	WT	WT	mutated	WT	mutated
Inflam-MUI-025	WT	WT	WT	mutated	WT	WT
Inflam-MUI-026	WT	WT	WT	WT	WT	WT
Inflam-MUI-027	WT	mutated	WT	WT	WT	WT
Inflam-MUI-028	WT	mutated	mutated	WT	mutated	WT
Inflam-MUI-029	mutated	WT	WT	WT	mutated	mutated
Inflam-MUI-030	WT	mutated	mutated	WT	WT	WT
Inflam-MUI-031	mutated	mutated	WT	mutated	WT	WT
Inflam-MUI-032	WT	mutated	WT	WT	WT	WT
Inflam-MUI-033	WT	mutated	WT	WT	WT	WT
Inflam-MUI-034	WT	WT	WT	WT	mutated	WT
Inflam-MUI-035	mutated	WT	WT	WT	mutated	mutated
Inflam-MUI-036	mutated	WT	mutated	WT	mutated	mutated
Inflam-MUI-037	WT	WT	WT	WT	mutated	WT
Inflam-MUI-038	mutated	WT	mutated	WT	mutated	mutated
Inflam-MUI-039	mutated	WT	WT	WT	mutated	WT
Inflam-MUI-040	WT	WT	WT	WT	WT	WT
Inflam-MUI-041	WT	mutated	WT	WT	mutated	WT
Inflam-MUI-042	mutated	WT	WT	mutated	WT	WT
Inflam-MUI-043	WT	WT	WT	WT	WT	WT
Inflam-MUI-044	mutated	mutated	WT	WT	WT	WT
Inflam-MUI-045	WT	mutated	WT	WT	mutated	WT
Inflam-MUI-102	WT	mutated	WT	WT	WT	mutated
Inflam-MUI-104	mutated	WT	WT	WT	WT	WT
Inflam-BON-001	WT	WT	WT	WT	WT	WT
Inflam-BON-002	WT	WT	WT	WT	WT	WT
Inflam-BON-003	WT	WT	WT	WT	WT	WT
Inflam-BON-004	mutated	WT	WT	WT	WT	mutated
Inflam-BON-005	WT	mutated	WT	WT	WT	WT
Inflam-BON-006	WT	WT	WT	WT	WT	WT
Inflam-BON-007	WT	WT	WT	WT	mutated	WT
Inflam-BON-008	mutated	WT	WT	WT	WT	WT
Inflam-BON-009	WT	WT	WT	WT	mutated	WT
Inflam-BON-010	WT	mutated	WT	WT	WT	WT
Inflam-BON-011	WT	WT	WT	mutated	WT	WT
Inflam-BON-012	mutated	WT	WT	WT	mutated	mutated
Inflam-BON-013	WT	mutated	WT	WT	WT	WT
Inflam-BON-014	WT	WT	WT	WT	mutated	WT
Inflam-BON-015	WT	WT	WT	mutated	WT	mutated
Inflam-BON-016	WT	WT	WT	WT	WT	mutated
Inflam-BON-017	WT	mutated	WT	WT	WT	WT
Inflam-BON-018	mutated	WT	mutated	WT	mutated	WT
Inflam-BON-019	WT	WT	WT	WT	WT	WT
Inflam-BON-020	mutated	WT	mutated	WT	WT	WT
Inflam-BON-021	WT	WT	WT	WT	WT	WT
Inflam-BON-022	mutated	WT	WT	WT	mutated	mutated
Inflam-BON-025	mutated	WT	WT	WT	mutated	mutated
Inflam-BON-026	WT	mutated	mutated	WT	mutated	WT
Inflam-BON-027	WT	mutated	WT	WT	WT	WT
Inflam-BON-028	WT	WT	WT	WT	WT	WT
Inflam-BON-029	mutated	WT	mutated	WT	WT	WT
Inflam-BON-030	mutated	WT	mutated	WT	WT	WT
Inflam-BON-031	WT	WT	WT	WT	mutated	mutated
Inflam-BON-032	WT	WT	WT	WT	mutated	mutated
Inflam-BON-033	mutated	WT	WT	WT	mutated	WT
Inflam-BON-034	WT	WT	mutated	WT	WT	WT
Inflam-BON-035	WT	WT	mutated	mutated	WT	WT
Inflam-LEP-001	WT	WT	WT	mutated	WT	mutated
Inflam-LEP-002	WT	WT	WT	WT	WT	WT
Inflam-LEP-003	WT	mutated	WT	WT	WT	mutated
Inflam-LEP-004	mutated	WT	mutated	mutated	WT	WT
Inflam-LEP-006	WT	WT	WT	WT	mutated	mutated
Inflam-LEP-007	WT	WT	mutated	WT	mutated	mutated
Inflam-LEP-008	WT	WT	mutated	WT	mutated	WT
Inflam-LEP-010	WT	WT	WT	mutated	WT	mutated
Inflam-LEP-011	WT	WT	WT	WT	WT	WT
Inflam-LEP-012	WT	mutated	WT	WT	WT	WT
Inflam-LEP-013	mutated	WT	mutated	WT	mutated	WT
Inflam-LEP-014	WT	mutated	mutated	WT	WT	WT
Inflam-LEP-018	WT	WT	mutated	WT	mutated	mutated
Inflam-LEP-019	WT	WT	WT	WT	WT	WT
Inflam-LEP-021	WT	WT	WT	WT	WT	mutated
Inflam-LEP-022	WT	WT	WT	WT	mutated	WT
Inflam-LEP-024	WT	mutated	WT	WT	WT	WT
Inflam-LEP-025	WT	WT	mutated	mutated	WT	WT
Inflam-LEP-026	WT	WT	WT	WT	WT	mutated
Inflam-MUI-107	WT	mutated	WT	mutated	WT	WT
Inflam-MUI-108	WT	WT	WT	mutated	WT	WT
Inflam-MUI-113	WT	mutated	WT	WT	WT	WT
Inflam-MUI-114	WT	mutated	WT	WT	WT	WT
Inflam-MUI-117	WT	WT	mutated	WT	WT	WT
Inflam-MUI-123	WT	mutated	WT	WT	WT	mutated
Inflam-MUI-125	mutated	WT	WT	WT	WT	WT
Inflam-MUI-126	WT	mutated	WT	WT	WT	mutated
Inflam-MUI-128	WT	mutated	WT	WT	WT	WT
Inflam-MUI-129	WT	WT	WT	WT	WT	mutated
